County,Animal Assemblages,"Asters, Goldenrods and Daisies",Barrens and Woodlands,Bats,Bees,Blackbirds and Orioles,Butterflies and Skippers,Cardinals and Buntings,Carnivores,Catfishes,Chickadees and Titmice,Clubmosses,Conifers,Cormorants,Creepers,Crows and Jays,Cuckoos,Damselflies,Darters and Sunfishes,Diving Beetles,Dragonflies,"Ducks, Geese, Waterfowl",Ferns,Finches and Crossbills,Flies,Flycatchers,Forested Mineral Soil Wetlands,Forested Peatlands,Forested Uplands,Freshwater Mussels,Frogs and Toads,Gnatcatchers,Grasses,Grebes,"Grouse, Pheasants, Turkeys","Gulls, Terns, Plovers, Shorebirds","Hawks, Falcons, Eagles, Vultures","Herons, Bitterns, Egrets, Pelicans",Horsetails,Hummingbirds and Swifts,Intertidal Wetlands,Kingfishers,Kinglets,Lady Beetles,Lampreys,Larks,Lizards,Loons,Marine Intertidal,Marine Subtidal,Mayflies,"Minnows, Shiners, Suckers",Mockingbirds and Thrashers,Mooneyes,Moths,Natural Caves,Natural Lakes and Ponds,Natural Rivers and Streams,Needlefishes,Nightbirds,Nuthatches,Old World Sparrows,Open Mineral Soil Wetlands,Open Peatlands,Open Uplands,Orchids,Other Animals,Other Flowering Plants,Other Mosses,Owls,Parrots and Parakeets,Peat Mosses,Perches,Pigeons and Doves,Quillworts,Rabbits and Hares,"Rails, Coots and Cranes",Rodents,Rove Beetles,Rushes,Salamanders,Salmon and Trout,Sculpins,Sedges,Shrikes,Silversides,Snails,Snakes,Sparrows and Towhees,Starlings,Stoneflies,Sturgeons and Paddlefish,Subtidal Wetlands,Swallows,Thrushes and Bluebirds,Vireos,Waxwings,Whales and Dolphins,Wood-Warblers,Woodpeckers,Wrens,Total Spp
Albany,1.0,2.0,3.0,4.0,1.0,7.0,6.0,4.0,0.0,0.0,2.0,0.0,0.0,1.0,1.0,4.0,2.0,0.0,0.0,0.0,5.0,7.0,2.0,6.0,0.0,7.0,2.0,0.0,5.0,0.0,10.0,1.0,3.0,1.0,4.0,5.0,12.0,5.0,0.0,2.0,0.0,1.0,2.0,0.0,0.0,0.0,0.0,0.0,0.0,0.0,0.0,0.0,3.0,0.0,20.0,0.0,0.0,0.0,0.0,1.0,2.0,1.0,1.0,0.0,4.0,5.0,7.0,23.0,1.0,6.0,0.0,0.0,0.0,2.0,0.0,0.0,4.0,0.0,0.0,0.0,12.0,0.0,0.0,13.0,0.0,0.0,0.0,13.0,11.0,1.0,0.0,2.0,1.0,6.0,6.0,4.0,1.0,0.0,25.0,7.0,4.0,304.0
Allegany,0.0,0.0,0.0,1.0,0.0,7.0,1.0,4.0,0.0,0.0,2.0,0.0,0.0,0.0,1.0,3.0,2.0,0.0,2.0,0.0,1.0,8.0,0.0,6.0,0.0,8.0,0.0,0.0,0.0,1.0,10.0,1.0,0.0,1.0,4.0,5.0,11.0,5.0,0.0,2.0,0.0,1.0,1.0,0.0,1.0,1.0,0.0,0.0,0.0,0.0,0.0,6.0,3.0,0.0,1.0,0.0,0.0,0.0,0.0,1.0,2.0,1.0,0.0,1.0,0.0,1.0,6.0,5.0,0.0,6.0,0.0,0.0,0.0,2.0,0.0,0.0,3.0,0.0,0.0,0.0,15.0,0.0,0.0,1.0,0.0,0.0,0.0,10.0,11.0,1.0,0.0,0.0,0.0,6.0,6.0,4.0,1.0,0.0,24.0,7.0,4.0,218.0
Atlantic Ocean and Long Island Sound,0.0,0.0,0.0,0.0,0.0,0.0,0.0,0.0,0.0,0.0,0.0,0.0,0.0,0.0,0.0,0.0,0.0,0.0,0.0,0.0,0.0,0.0,0.0,0.0,0.0,0.0,0.0,0.0,0.0,0.0,0.0,0.0,0.0,0.0,0.0,0.0,0.0,0.0,0.0,0.0,0.0,0.0,0.0,0.0,0.0,0.0,0.0,0.0,0.0,2.0,0.0,0.0,0.0,0.0,0.0,0.0,0.0,0.0,0.0,0.0,0.0,0.0,0.0,0.0,0.0,0.0,4.0,0.0,0.0,0.0,0.0,0.0,0.0,0.0,0.0,0.0,0.0,0.0,0.0,0.0,0.0,0.0,0.0,0.0,0.0,0.0,0.0,0.0,0.0,0.0,0.0,0.0,0.0,0.0,0.0,0.0,0.0,7.0,0.0,0.0,0.0,13.0
Bronx,2.0,3.0,0.0,0.0,1.0,5.0,2.0,3.0,0.0,0.0,2.0,0.0,0.0,1.0,0.0,3.0,1.0,0.0,0.0,0.0,1.0,6.0,1.0,2.0,0.0,5.0,0.0,0.0,1.0,0.0,5.0,1.0,5.0,0.0,2.0,7.0,4.0,7.0,0.0,1.0,0.0,0.0,0.0,0.0,0.0,0.0,1.0,0.0,0.0,0.0,0.0,0.0,3.0,0.0,1.0,0.0,0.0,0.0,0.0,1.0,1.0,1.0,0.0,0.0,0.0,1.0,4.0,12.0,0.0,3.0,1.0,0.0,0.0,2.0,0.0,0.0,2.0,0.0,0.0,2.0,3.0,0.0,0.0,7.0,0.0,0.0,0.0,2.0,7.0,1.0,0.0,2.0,1.0,4.0,2.0,3.0,1.0,0.0,6.0,4.0,3.0,152.0
Broome,0.0,1.0,0.0,0.0,0.0,7.0,0.0,5.0,0.0,0.0,2.0,0.0,0.0,0.0,1.0,4.0,2.0,3.0,0.0,0.0,5.0,8.0,0.0,4.0,0.0,8.0,0.0,0.0,0.0,3.0,8.0,1.0,0.0,1.0,4.0,3.0,13.0,5.0,0.0,2.0,0.0,1.0,2.0,0.0,0.0,1.0,0.0,0.0,0.0,0.0,0.0,2.0,3.0,0.0,0.0,0.0,0.0,0.0,0.0,1.0,2.0,1.0,0.0,0.0,0.0,1.0,5.0,4.0,0.0,4.0,0.0,0.0,0.0,2.0,0.0,0.0,3.0,0.0,0.0,0.0,10.0,0.0,0.0,0.0,0.0,0.0,0.0,8.0,11.0,1.0,0.0,0.0,0.0,6.0,5.0,5.0,1.0,0.0,27.0,6.0,4.0,206.0
Cattaraugus,0.0,1.0,0.0,1.0,0.0,7.0,1.0,4.0,0.0,0.0,2.0,0.0,0.0,0.0,1.0,3.0,2.0,1.0,3.0,0.0,7.0,8.0,2.0,4.0,0.0,8.0,2.0,0.0,5.0,9.0,9.0,1.0,0.0,1.0,4.0,5.0,12.0,3.0,0.0,2.0,0.0,1.0,1.0,0.0,2.0,1.0,1.0,0.0,0.0,0.0,0.0,7.0,3.0,0.0,0.0,0.0,0.0,3.0,0.0,1.0,2.0,1.0,0.0,1.0,4.0,2.0,7.0,22.0,0.0,4.0,0.0,0.0,0.0,2.0,0.0,0.0,3.0,0.0,0.0,1.0,15.0,0.0,0.0,5.0,0.0,0.0,0.0,9.0,11.0,1.0,0.0,0.0,0.0,6.0,6.0,5.0,1.0,0.0,29.0,7.0,5.0,277.0
Cayuga,1.0,2.0,0.0,2.0,0.0,7.0,0.0,4.0,0.0,0.0,2.0,0.0,0.0,1.0,1.0,4.0,2.0,0.0,0.0,0.0,0.0,12.0,0.0,7.0,0.0,8.0,2.0,2.0,1.0,4.0,9.0,1.0,1.0,1.0,4.0,5.0,12.0,6.0,0.0,2.0,0.0,1.0,1.0,0.0,0.0,1.0,0.0,1.0,0.0,0.0,0.0,0.0,3.0,0.0,2.0,0.0,1.0,0.0,0.0,0.0,2.0,1.0,1.0,3.0,3.0,1.0,8.0,19.0,1.0,7.0,0.0,0.0,1.0,2.0,0.0,0.0,6.0,0.0,0.0,1.0,11.0,0.0,0.0,5.0,0.0,0.0,0.0,7.0,11.0,1.0,0.0,1.0,0.0,6.0,5.0,4.0,1.0,0.0,27.0,7.0,5.0,260.0
Chautauqua,0.0,2.0,0.0,1.0,0.0,7.0,1.0,5.0,0.0,0.0,2.0,0.0,0.0,0.0,1.0,3.0,2.0,0.0,5.0,0.0,4.0,11.0,4.0,5.0,0.0,9.0,1.0,1.0,2.0,13.0,10.0,1.0,1.0,1.0,4.0,8.0,11.0,4.0,0.0,2.0,0.0,1.0,1.0,0.0,2.0,1.0,0.0,1.0,0.0,0.0,0.0,9.0,3.0,1.0,0.0,0.0,0.0,3.0,0.0,1.0,2.0,1.0,2.0,1.0,1.0,2.0,7.0,19.0,0.0,5.0,0.0,0.0,0.0,2.0,0.0,0.0,4.0,0.0,0.0,0.0,12.0,0.0,0.0,5.0,0.0,0.0,0.0,8.0,11.0,1.0,0.0,0.0,0.0,6.0,6.0,5.0,1.0,0.0,24.0,7.0,5.0,281.0
Chemung,0.0,2.0,1.0,0.0,0.0,7.0,0.0,4.0,0.0,0.0,2.0,0.0,0.0,0.0,1.0,4.0,2.0,2.0,0.0,0.0,1.0,11.0,0.0,4.0,0.0,8.0,0.0,0.0,0.0,4.0,8.0,1.0,3.0,1.0,3.0,7.0,12.0,4.0,0.0,2.0,0.0,1.0,1.0,0.0,0.0,1.0,1.0,0.0,0.0,0.0,0.0,1.0,3.0,0.0,0.0,0.0,0.0,0.0,0.0,1.0,2.0,1.0,0.0,0.0,0.0,0.0,4.0,10.0,0.0,7.0,0.0,0.0,0.0,2.0,0.0,0.0,4.0,0.0,0.0,0.0,9.0,0.0,0.0,4.0,0.0,0.0,0.0,9.0,11.0,1.0,0.0,0.0,0.0,6.0,5.0,4.0,1.0,0.0,23.0,6.0,4.0,216.0
Chenango,0.0,1.0,0.0,0.0,0.0,7.0,0.0,4.0,0.0,0.0,2.0,0.0,0.0,1.0,1.0,4.0,2.0,2.0,0.0,0.0,3.0,9.0,0.0,7.0,0.0,8.0,2.0,1.0,0.0,3.0,8.0,1.0,0.0,1.0,4.0,4.0,11.0,4.0,0.0,2.0,0.0,1.0,2.0,0.0,0.0,1.0,0.0,0.0,0.0,0.0,0.0,1.0,3.0,0.0,1.0,0.0,0.0,0.0,0.0,2.0,2.0,1.0,0.0,2.0,0.0,1.0,5.0,4.0,0.0,4.0,0.0,0.0,0.0,2.0,0.0,0.0,2.0,0.0,0.0,0.0,12.0,0.0,0.0,1.0,0.0,0.0,0.0,8.0,11.0,1.0,0.0,0.0,0.0,5.0,6.0,4.0,1.0,0.0,24.0,6.0,4.0,209.0
Clinton,2.0,2.0,6.0,2.0,0.0,8.0,0.0,4.0,0.0,0.0,2.0,0.0,1.0,0.0,1.0,3.0,2.0,0.0,3.0,0.0,1.0,15.0,1.0,7.0,0.0,9.0,2.0,2.0,5.0,2.0,10.0,1.0,5.0,1.0,4.0,10.0,13.0,6.0,2.0,2.0,0.0,1.0,2.0,0.0,1.0,1.0,0.0,1.0,0.0,0.0,0.0,3.0,3.0,0.0,13.0,0.0,2.0,0.0,0.0,2.0,2.0,1.0,4.0,5.0,6.0,4.0,5.0,27.0,1.0,6.0,0.0,0.0,0.0,2.0,0.0,0.0,5.0,0.0,0.0,0.0,10.0,0.0,0.0,17.0,1.0,0.0,1.0,7.0,12.0,1.0,1.0,0.0,0.0,6.0,7.0,5.0,1.0,0.0,23.0,8.0,5.0,336.0
Columbia,3.0,5.0,2.0,2.0,0.0,7.0,2.0,4.0,0.0,0.0,2.0,0.0,0.0,1.0,1.0,4.0,2.0,0.0,0.0,0.0,6.0,9.0,1.0,3.0,0.0,7.0,4.0,1.0,5.0,3.0,8.0,1.0,2.0,1.0,4.0,4.0,13.0,5.0,0.0,2.0,4.0,1.0,1.0,0.0,0.0,0.0,0.0,0.0,0.0,0.0,0.0,0.0,3.0,0.0,2.0,0.0,0.0,0.0,1.0,2.0,2.0,1.0,2.0,3.0,1.0,1.0,9.0,23.0,0.0,4.0,0.0,0.0,0.0,2.0,1.0,1.0,3.0,0.0,0.0,0.0,12.0,0.0,0.0,9.0,0.0,0.0,0.0,12.0,10.0,1.0,0.0,2.0,1.0,5.0,6.0,5.0,1.0,0.0,24.0,7.0,4.0,280.0
Cortland,0.0,0.0,0.0,0.0,0.0,7.0,0.0,4.0,0.0,0.0,2.0,1.0,0.0,0.0,1.0,3.0,2.0,1.0,0.0,0.0,0.0,6.0,0.0,6.0,0.0,7.0,0.0,0.0,1.0,4.0,8.0,1.0,1.0,1.0,3.0,5.0,12.0,3.0,0.0,2.0,0.0,1.0,1.0,0.0,0.0,1.0,0.0,1.0,0.0,0.0,0.0,3.0,3.0,0.0,0.0,0.0,1.0,0.0,0.0,1.0,2.0,1.0,1.0,4.0,0.0,2.0,3.0,8.0,0.0,5.0,0.0,0.0,0.0,2.0,0.0,0.0,3.0,0.0,0.0,0.0,10.0,0.0,0.0,2.0,0.0,0.0,0.0,7.0,11.0,1.0,0.0,0.0,0.0,6.0,5.0,4.0,1.0,0.0,24.0,6.0,4.0,205.0
Delaware,0.0,0.0,0.0,0.0,0.0,6.0,1.0,4.0,0.0,0.0,2.0,0.0,0.0,0.0,1.0,3.0,2.0,0.0,0.0,0.0,8.0,9.0,0.0,6.0,0.0,8.0,0.0,1.0,2.0,6.0,8.0,1.0,0.0,1.0,4.0,5.0,13.0,3.0,0.0,2.0,0.0,1.0,2.0,0.0,0.0,1.0,0.0,0.0,0.0,0.0,0.0,4.0,3.0,0.0,1.0,0.0,1.0,0.0,0.0,2.0,2.0,1.0,0.0,1.0,0.0,0.0,4.0,9.0,0.0,6.0,0.0,0.0,0.0,2.0,0.0,0.0,1.0,0.0,0.0,1.0,12.0,0.0,0.0,0.0,0.0,0.0,0.0,11.0,11.0,1.0,0.0,0.0,0.0,6.0,6.0,4.0,1.0,0.0,27.0,7.0,3.0,227.0
Dutchess,0.0,5.0,5.0,2.0,0.0,7.0,3.0,4.0,0.0,0.0,2.0,0.0,1.0,1.0,1.0,4.0,2.0,2.0,0.0,0.0,5.0,8.0,0.0,4.0,0.0,8.0,3.0,0.0,5.0,4.0,11.0,1.0,2.0,1.0,4.0,4.0,14.0,5.0,1.0,2.0,6.0,1.0,1.0,0.0,0.0,1.0,2.0,0.0,0.0,0.0,0.0,0.0,3.0,0.0,0.0,0.0,0.0,0.0,0.0,2.0,2.0,1.0,1.0,6.0,2.0,2.0,10.0,42.0,6.0,5.0,0.0,1.0,0.0,2.0,1.0,1.0,2.0,0.0,0.0,0.0,11.0,0.0,0.0,11.0,0.0,0.0,0.0,14.0,10.0,1.0,0.0,2.0,1.0,6.0,5.0,5.0,1.0,0.0,28.0,7.0,5.0,328.0
Erie,2.0,1.0,1.0,1.0,0.0,7.0,0.0,4.0,0.0,1.0,2.0,0.0,0.0,1.0,1.0,3.0,2.0,1.0,4.0,0.0,3.0,13.0,0.0,4.0,0.0,8.0,1.0,1.0,2.0,19.0,10.0,1.0,2.0,1.0,4.0,8.0,13.0,6.0,0.0,2.0,0.0,1.0,1.0,2.0,1.0,1.0,0.0,0.0,0.0,0.0,0.0,5.0,3.0,1.0,0.0,0.0,0.0,2.0,0.0,1.0,2.0,1.0,1.0,2.0,5.0,5.0,10.0,31.0,0.0,7.0,0.0,0.0,0.0,2.0,0.0,0.0,4.0,0.0,0.0,0.0,13.0,0.0,0.0,4.0,0.0,0.0,0.0,10.0,10.0,1.0,0.0,1.0,0.0,6.0,5.0,4.0,1.0,0.0,27.0,7.0,5.0,311.0
Essex,3.0,10.0,13.0,4.0,1.0,8.0,1.0,4.0,0.0,0.0,3.0,3.0,0.0,1.0,1.0,5.0,2.0,2.0,2.0,0.0,16.0,15.0,5.0,7.0,0.0,9.0,1.0,3.0,8.0,2.0,10.0,1.0,8.0,1.0,4.0,10.0,13.0,7.0,1.0,2.0,0.0,1.0,2.0,0.0,0.0,1.0,1.0,1.0,0.0,0.0,0.0,3.0,3.0,1.0,2.0,3.0,4.0,2.0,0.0,2.0,2.0,1.0,3.0,6.0,10.0,7.0,7.0,52.0,0.0,7.0,0.0,0.0,0.0,2.0,1.0,0.0,5.0,0.0,0.0,2.0,10.0,1.0,0.0,17.0,0.0,0.0,0.0,10.0,10.0,1.0,0.0,0.0,0.0,6.0,7.0,5.0,1.0,0.0,26.0,8.0,5.0,424.0
Franklin,1.0,0.0,0.0,2.0,1.0,7.0,1.0,4.0,0.0,0.0,3.0,2.0,0.0,0.0,1.0,4.0,2.0,2.0,2.0,0.0,8.0,14.0,2.0,7.0,0.0,9.0,2.0,1.0,6.0,4.0,9.0,0.0,2.0,1.0,5.0,7.0,13.0,5.0,0.0,2.0,0.0,1.0,2.0,1.0,1.0,1.0,0.0,1.0,0.0,0.0,0.0,3.0,3.0,1.0,4.0,1.0,4.0,2.0,0.0,2.0,2.0,1.0,3.0,5.0,3.0,3.0,5.0,10.0,0.0,5.0,0.0,0.0,0.0,2.0,0.0,0.0,3.0,0.0,0.0,0.0,11.0,1.0,0.0,7.0,1.0,0.0,0.0,7.0,11.0,1.0,0.0,1.0,0.0,5.0,7.0,5.0,1.0,0.0,27.0,8.0,4.0,295.0
Fulton,0.0,0.0,0.0,0.0,0.0,6.0,0.0,4.0,0.0,0.0,2.0,0.0,0.0,1.0,1.0,4.0,2.0,0.0,0.0,0.0,0.0,9.0,1.0,5.0,0.0,9.0,0.0,0.0,0.0,0.0,9.0,1.0,0.0,1.0,3.0,7.0,12.0,4.0,0.0,2.0,0.0,1.0,1.0,0.0,0.0,1.0,0.0,1.0,0.0,0.0,0.0,1.0,3.0,0.0,0.0,0.0,0.0,0.0,0.0,1.0,2.0,1.0,0.0,2.0,0.0,1.0,4.0,1.0,0.0,4.0,0.0,0.0,0.0,2.0,0.0,0.0,3.0,0.0,0.0,0.0,9.0,0.0,0.0,3.0,0.0,0.0,0.0,9.0,12.0,1.0,0.0,0.0,0.0,6.0,6.0,4.0,1.0,0.0,22.0,7.0,5.0,197.0
Genesee,1.0,3.0,1.0,0.0,0.0,7.0,0.0,4.0,0.0,1.0,2.0,0.0,1.0,0.0,1.0,3.0,2.0,0.0,0.0,0.0,1.0,16.0,1.0,4.0,0.0,8.0,2.0,1.0,1.0,7.0,9.0,1.0,2.0,1.0,4.0,7.0,11.0,5.0,0.0,2.0,0.0,1.0,1.0,0.0,0.0,1.0,1.0,0.0,0.0,0.0,0.0,1.0,3.0,0.0,0.0,0.0,0.0,0.0,0.0,1.0,2.0,1.0,1.0,3.0,0.0,6.0,4.0,24.0,0.0,7.0,0.0,0.0,0.0,2.0,0.0,0.0,6.0,0.0,0.0,0.0,9.0,0.0,0.0,10.0,0.0,0.0,0.0,10.0,11.0,1.0,0.0,0.0,0.0,6.0,5.0,4.0,1.0,0.0,25.0,7.0,5.0,268.0
Greene,3.0,4.0,5.0,1.0,0.0,7.0,2.0,4.0,0.0,0.0,2.0,0.0,0.0,1.0,1.0,4.0,2.0,0.0,0.0,0.0,1.0,8.0,1.0,6.0,1.0,9.0,2.0,0.0,8.0,0.0,8.0,1.0,0.0,1.0,3.0,5.0,13.0,3.0,0.0,2.0,4.0,1.0,2.0,0.0,0.0,0.0,1.0,0.0,0.0,0.0,0.0,1.0,3.0,0.0,0.0,0.0,0.0,0.0,1.0,1.0,2.0,1.0,0.0,1.0,4.0,0.0,7.0,24.0,4.0,5.0,0.0,0.0,0.0,2.0,0.0,0.0,4.0,0.0,0.0,1.0,11.0,0.0,0.0,12.0,0.0,0.0,0.0,10.0,9.0,1.0,0.0,2.0,2.0,5.0,7.0,4.0,1.0,0.0,28.0,7.0,4.0,280.0
Hamilton,1.0,3.0,3.0,2.0,1.0,7.0,0.0,4.0,0.0,0.0,3.0,0.0,0.0,0.0,1.0,4.0,2.0,1.0,0.0,0.0,3.0,9.0,5.0,7.0,0.0,9.0,3.0,2.0,9.0,0.0,9.0,0.0,2.0,1.0,3.0,5.0,14.0,4.0,0.0,2.0,0.0,1.0,2.0,0.0,0.0,0.0,0.0,1.0,0.0,0.0,0.0,3.0,3.0,0.0,0.0,0.0,1.0,2.0,0.0,1.0,2.0,1.0,2.0,4.0,5.0,3.0,5.0,13.0,2.0,4.0,0.0,0.0,0.0,2.0,0.0,0.0,2.0,0.0,0.0,0.0,7.0,1.0,0.0,3.0,0.0,0.0,0.0,7.0,9.0,1.0,0.0,0.0,0.0,5.0,7.0,5.0,1.0,0.0,22.0,8.0,3.0,257.0
Herkimer,0.0,3.0,3.0,0.0,0.0,8.0,0.0,4.0,0.0,0.0,3.0,0.0,0.0,0.0,1.0,4.0,2.0,1.0,0.0,0.0,2.0,10.0,0.0,7.0,0.0,9.0,1.0,2.0,5.0,0.0,9.0,1.0,2.0,1.0,4.0,6.0,13.0,4.0,0.0,2.0,0.0,1.0,2.0,0.0,0.0,1.0,0.0,1.0,0.0,0.0,0.0,2.0,3.0,0.0,0.0,1.0,1.0,4.0,0.0,2.0,2.0,1.0,0.0,2.0,1.0,5.0,4.0,9.0,1.0,5.0,0.0,0.0,0.0,2.0,0.0,0.0,4.0,0.0,0.0,0.0,11.0,1.0,0.0,3.0,0.0,0.0,0.0,8.0,12.0,1.0,0.0,0.0,0.0,5.0,6.0,5.0,1.0,0.0,26.0,9.0,5.0,254.0
Jefferson,4.0,3.0,4.0,3.0,0.0,7.0,1.0,4.0,0.0,0.0,2.0,0.0,0.0,1.0,1.0,4.0,2.0,1.0,2.0,0.0,5.0,16.0,3.0,6.0,0.0,10.0,4.0,3.0,3.0,3.0,10.0,1.0,6.0,1.0,4.0,13.0,13.0,6.0,1.0,2.0,0.0,1.0,2.0,1.0,0.0,1.0,0.0,1.0,0.0,0.0,1.0,4.0,3.0,0.0,12.0,0.0,2.0,1.0,0.0,2.0,2.0,1.0,4.0,3.0,10.0,6.0,8.0,39.0,1.0,7.0,0.0,0.0,1.0,2.0,0.0,0.0,4.0,0.0,0.0,0.0,11.0,0.0,0.0,16.0,1.0,0.0,0.0,9.0,11.0,1.0,0.0,1.0,0.0,6.0,6.0,4.0,1.0,0.0,25.0,7.0,5.0,372.0
Kings,1.0,4.0,0.0,0.0,1.0,6.0,2.0,2.0,0.0,0.0,2.0,0.0,0.0,1.0,0.0,3.0,1.0,1.0,0.0,0.0,2.0,5.0,0.0,2.0,0.0,6.0,0.0,0.0,0.0,0.0,6.0,0.0,3.0,1.0,1.0,10.0,4.0,9.0,0.0,1.0,1.0,0.0,0.0,1.0,0.0,0.0,1.0,0.0,0.0,1.0,0.0,0.0,3.0,0.0,0.0,0.0,0.0,0.0,0.0,1.0,2.0,1.0,0.0,0.0,0.0,0.0,6.0,11.0,0.0,2.0,1.0,0.0,0.0,2.0,0.0,0.0,1.0,0.0,0.0,1.0,0.0,0.0,0.0,4.0,0.0,0.0,0.0,4.0,8.0,1.0,0.0,0.0,0.0,2.0,2.0,3.0,1.0,0.0,3.0,4.0,3.0,144.0
Lake Erie Open Waters,0.0,0.0,0.0,0.0,0.0,0.0,0.0,0.0,0.0,0.0,0.0,0.0,0.0,0.0,0.0,0.0,0.0,0.0,0.0,0.0,0.0,0.0,0.0,0.0,0.0,0.0,0.0,0.0,0.0,0.0,0.0,0.0,0.0,0.0,0.0,0.0,0.0,0.0,0.0,0.0,0.0,0.0,0.0,0.0,0.0,0.0,0.0,0.0,0.0,0.0,0.0,0.0,0.0,0.0,0.0,0.0,0.0,0.0,0.0,0.0,0.0,0.0,0.0,0.0,0.0,0.0,0.0,0.0,0.0,0.0,0.0,0.0,0.0,0.0,0.0,0.0,0.0,0.0,0.0,0.0,0.0,0.0,0.0,0.0,0.0,0.0,0.0,0.0,0.0,0.0,0.0,1.0,0.0,0.0,0.0,0.0,0.0,0.0,0.0,0.0,0.0,1.0
Lake Ontario Open Waters,0.0,0.0,0.0,0.0,0.0,0.0,0.0,0.0,0.0,0.0,0.0,0.0,0.0,0.0,0.0,0.0,0.0,0.0,0.0,0.0,0.0,0.0,0.0,0.0,0.0,0.0,0.0,0.0,0.0,0.0,0.0,0.0,0.0,0.0,0.0,0.0,0.0,0.0,0.0,0.0,0.0,0.0,0.0,0.0,0.0,0.0,0.0,0.0,0.0,0.0,0.0,0.0,0.0,0.0,0.0,0.0,1.0,0.0,0.0,0.0,0.0,0.0,0.0,0.0,0.0,0.0,0.0,0.0,0.0,0.0,0.0,0.0,0.0,0.0,0.0,0.0,0.0,0.0,0.0,0.0,0.0,0.0,1.0,0.0,0.0,0.0,0.0,0.0,0.0,0.0,0.0,1.0,0.0,0.0,0.0,0.0,0.0,0.0,0.0,0.0,0.0,3.0
Lewis,0.0,2.0,3.0,1.0,0.0,7.0,0.0,4.0,0.0,1.0,2.0,1.0,0.0,1.0,1.0,4.0,2.0,1.0,0.0,0.0,5.0,12.0,2.0,7.0,0.0,10.0,2.0,2.0,3.0,1.0,10.0,0.0,0.0,1.0,3.0,8.0,12.0,4.0,1.0,2.0,0.0,1.0,2.0,0.0,0.0,1.0,0.0,1.0,0.0,0.0,1.0,1.0,3.0,0.0,0.0,0.0,0.0,3.0,0.0,2.0,2.0,1.0,3.0,6.0,3.0,7.0,5.0,16.0,1.0,6.0,0.0,1.0,0.0,2.0,0.0,0.0,3.0,0.0,0.0,0.0,10.0,0.0,0.0,13.0,0.0,0.0,0.0,9.0,12.0,1.0,0.0,0.0,0.0,6.0,6.0,5.0,1.0,0.0,23.0,9.0,4.0,285.0
Livingston,1.0,3.0,0.0,2.0,0.0,7.0,1.0,4.0,0.0,0.0,2.0,0.0,0.0,0.0,1.0,3.0,2.0,0.0,0.0,0.0,4.0,11.0,0.0,5.0,0.0,8.0,2.0,0.0,4.0,8.0,9.0,1.0,0.0,1.0,3.0,6.0,12.0,4.0,0.0,2.0,0.0,1.0,1.0,0.0,0.0,1.0,0.0,0.0,0.0,0.0,0.0,3.0,3.0,0.0,1.0,0.0,1.0,1.0,0.0,1.0,2.0,1.0,2.0,1.0,2.0,2.0,5.0,21.0,0.0,7.0,0.0,0.0,0.0,2.0,0.0,0.0,4.0,0.0,0.0,0.0,13.0,0.0,0.0,6.0,1.0,0.0,0.0,10.0,11.0,1.0,0.0,0.0,0.0,6.0,6.0,4.0,1.0,0.0,26.0,7.0,5.0,265.0
Madison,0.0,0.0,1.0,0.0,0.0,7.0,0.0,4.0,0.0,0.0,2.0,0.0,0.0,1.0,1.0,3.0,2.0,0.0,0.0,0.0,1.0,11.0,1.0,7.0,0.0,7.0,1.0,1.0,0.0,4.0,8.0,1.0,0.0,1.0,3.0,7.0,11.0,4.0,1.0,2.0,0.0,1.0,1.0,0.0,0.0,1.0,0.0,0.0,0.0,0.0,0.0,1.0,3.0,0.0,0.0,0.0,0.0,0.0,0.0,1.0,2.0,1.0,0.0,4.0,1.0,4.0,3.0,7.0,4.0,4.0,0.0,0.0,0.0,2.0,0.0,0.0,4.0,0.0,0.0,0.0,9.0,0.0,0.0,2.0,0.0,0.0,1.0,6.0,11.0,1.0,0.0,1.0,0.0,6.0,5.0,4.0,1.0,0.0,22.0,7.0,4.0,216.0
Monroe,0.0,3.0,2.0,0.0,2.0,7.0,0.0,4.0,0.0,1.0,2.0,0.0,0.0,0.0,1.0,3.0,2.0,1.0,1.0,0.0,2.0,11.0,0.0,5.0,0.0,8.0,1.0,0.0,1.0,10.0,9.0,1.0,2.0,1.0,4.0,7.0,11.0,5.0,0.0,2.0,0.0,1.0,1.0,1.0,0.0,1.0,0.0,0.0,0.0,0.0,0.0,0.0,3.0,0.0,1.0,0.0,2.0,0.0,0.0,1.0,2.0,1.0,0.0,2.0,3.0,2.0,6.0,28.0,1.0,6.0,0.0,0.0,1.0,3.0,0.0,0.0,6.0,0.0,0.0,0.0,12.0,0.0,0.0,18.0,1.0,0.0,0.0,9.0,11.0,1.0,0.0,1.0,0.0,6.0,6.0,4.0,1.0,0.0,21.0,7.0,5.0,284.0
Montgomery,1.0,0.0,1.0,2.0,0.0,7.0,0.0,4.0,0.0,0.0,2.0,0.0,0.0,0.0,1.0,4.0,2.0,0.0,0.0,0.0,3.0,8.0,0.0,6.0,0.0,7.0,0.0,0.0,0.0,0.0,8.0,1.0,0.0,1.0,3.0,5.0,11.0,3.0,0.0,2.0,0.0,1.0,1.0,0.0,0.0,1.0,0.0,0.0,0.0,0.0,0.0,0.0,3.0,0.0,0.0,0.0,0.0,0.0,0.0,0.0,2.0,1.0,0.0,0.0,1.0,0.0,4.0,2.0,0.0,4.0,0.0,0.0,0.0,2.0,0.0,0.0,3.0,0.0,0.0,0.0,9.0,0.0,0.0,0.0,0.0,0.0,0.0,8.0,11.0,1.0,0.0,0.0,0.0,5.0,5.0,4.0,1.0,0.0,20.0,6.0,5.0,182.0
Nassau,2.0,6.0,0.0,2.0,1.0,7.0,3.0,4.0,0.0,0.0,2.0,2.0,1.0,1.0,1.0,3.0,2.0,1.0,0.0,0.0,2.0,8.0,0.0,2.0,0.0,6.0,1.0,0.0,3.0,0.0,8.0,1.0,6.0,1.0,3.0,16.0,9.0,9.0,0.0,2.0,4.0,1.0,1.0,0.0,0.0,1.0,1.0,1.0,2.0,2.0,0.0,0.0,3.0,0.0,5.0,0.0,0.0,0.0,0.0,1.0,2.0,1.0,1.0,0.0,4.0,0.0,7.0,44.0,0.0,4.0,1.0,0.0,0.0,2.0,0.0,0.0,2.0,0.0,0.0,3.0,4.0,0.0,0.0,17.0,0.0,1.0,0.0,9.0,8.0,1.0,0.0,0.0,0.0,5.0,5.0,4.0,1.0,0.0,16.0,5.0,3.0,287.0
New York,0.0,0.0,0.0,0.0,1.0,4.0,2.0,1.0,0.0,0.0,1.0,0.0,0.0,1.0,0.0,2.0,0.0,0.0,0.0,0.0,0.0,4.0,0.0,1.0,0.0,3.0,0.0,0.0,0.0,0.0,1.0,0.0,0.0,0.0,0.0,2.0,3.0,1.0,0.0,1.0,0.0,0.0,0.0,0.0,0.0,0.0,0.0,0.0,0.0,0.0,0.0,0.0,2.0,0.0,0.0,0.0,0.0,0.0,0.0,0.0,1.0,1.0,0.0,0.0,0.0,0.0,5.0,4.0,0.0,2.0,0.0,0.0,0.0,2.0,0.0,0.0,0.0,0.0,0.0,0.0,0.0,0.0,0.0,2.0,0.0,0.0,0.0,0.0,2.0,1.0,0.0,2.0,1.0,2.0,2.0,2.0,1.0,0.0,0.0,4.0,2.0,66.0
Niagara,3.0,5.0,1.0,0.0,0.0,7.0,0.0,5.0,0.0,0.0,2.0,0.0,0.0,1.0,1.0,2.0,2.0,1.0,3.0,0.0,1.0,14.0,1.0,3.0,0.0,8.0,1.0,0.0,0.0,18.0,9.0,1.0,1.0,1.0,3.0,10.0,10.0,5.0,0.0,2.0,0.0,1.0,1.0,0.0,0.0,1.0,0.0,0.0,0.0,0.0,0.0,4.0,3.0,0.0,0.0,0.0,0.0,0.0,0.0,2.0,2.0,1.0,0.0,0.0,1.0,1.0,5.0,21.0,0.0,5.0,0.0,0.0,0.0,2.0,0.0,0.0,5.0,0.0,0.0,0.0,10.0,0.0,0.0,1.0,0.0,0.0,0.0,7.0,10.0,1.0,0.0,1.0,0.0,6.0,4.0,3.0,1.0,0.0,22.0,7.0,5.0,254.0
Oneida,0.0,0.0,1.0,0.0,0.0,7.0,1.0,4.0,0.0,0.0,2.0,1.0,0.0,1.0,1.0,4.0,2.0,0.0,0.0,0.0,2.0,13.0,1.0,7.0,0.0,9.0,2.0,4.0,1.0,0.0,9.0,1.0,0.0,1.0,3.0,6.0,12.0,5.0,1.0,2.0,0.0,1.0,1.0,1.0,0.0,1.0,0.0,1.0,0.0,0.0,0.0,0.0,3.0,0.0,2.0,0.0,0.0,0.0,0.0,2.0,2.0,1.0,1.0,2.0,1.0,1.0,7.0,8.0,0.0,6.0,0.0,0.0,0.0,2.0,0.0,0.0,4.0,0.0,0.0,0.0,13.0,0.0,0.0,5.0,1.0,0.0,0.0,9.0,12.0,1.0,0.0,1.0,0.0,6.0,6.0,5.0,1.0,0.0,27.0,8.0,4.0,249.0
Onondaga,1.0,3.0,2.0,4.0,0.0,7.0,1.0,4.0,0.0,0.0,2.0,0.0,0.0,1.0,1.0,4.0,2.0,0.0,0.0,0.0,1.0,11.0,4.0,5.0,0.0,8.0,2.0,1.0,1.0,4.0,8.0,1.0,0.0,1.0,3.0,7.0,12.0,4.0,0.0,2.0,0.0,1.0,2.0,0.0,0.0,1.0,1.0,1.0,0.0,0.0,0.0,2.0,3.0,0.0,0.0,0.0,3.0,0.0,0.0,2.0,2.0,1.0,0.0,3.0,1.0,6.0,6.0,12.0,1.0,6.0,0.0,0.0,0.0,2.0,0.0,0.0,3.0,0.0,0.0,0.0,13.0,0.0,0.0,11.0,0.0,0.0,1.0,10.0,11.0,1.0,0.0,1.0,0.0,6.0,5.0,4.0,1.0,0.0,27.0,7.0,5.0,269.0
Ontario,2.0,1.0,0.0,1.0,0.0,7.0,0.0,4.0,0.0,0.0,2.0,0.0,0.0,1.0,1.0,3.0,2.0,1.0,0.0,0.0,1.0,10.0,1.0,5.0,0.0,8.0,3.0,0.0,2.0,2.0,9.0,1.0,0.0,1.0,4.0,6.0,11.0,4.0,0.0,2.0,0.0,1.0,1.0,0.0,0.0,1.0,1.0,0.0,0.0,0.0,0.0,1.0,3.0,0.0,0.0,0.0,0.0,0.0,0.0,1.0,2.0,1.0,0.0,0.0,0.0,2.0,6.0,14.0,0.0,7.0,0.0,0.0,0.0,2.0,0.0,0.0,5.0,0.0,0.0,0.0,12.0,0.0,0.0,1.0,0.0,0.0,1.0,11.0,11.0,1.0,0.0,0.0,0.0,6.0,5.0,4.0,1.0,0.0,21.0,7.0,5.0,229.0
Orange,2.0,2.0,5.0,4.0,1.0,7.0,3.0,4.0,0.0,0.0,2.0,0.0,2.0,1.0,1.0,4.0,2.0,4.0,0.0,0.0,20.0,11.0,1.0,3.0,1.0,8.0,5.0,1.0,4.0,4.0,11.0,1.0,1.0,1.0,4.0,6.0,14.0,5.0,0.0,2.0,2.0,1.0,1.0,0.0,0.0,1.0,1.0,0.0,0.0,0.0,0.0,0.0,3.0,0.0,4.0,0.0,0.0,1.0,0.0,2.0,2.0,1.0,0.0,4.0,3.0,3.0,10.0,58.0,0.0,5.0,0.0,0.0,0.0,2.0,0.0,0.0,3.0,0.0,0.0,3.0,15.0,0.0,0.0,31.0,0.0,0.0,0.0,14.0,10.0,1.0,0.0,2.0,1.0,6.0,6.0,5.0,1.0,0.0,29.0,7.0,5.0,390.0
Orleans,1.0,1.0,0.0,0.0,0.0,7.0,0.0,4.0,0.0,1.0,2.0,0.0,0.0,0.0,1.0,2.0,2.0,1.0,2.0,0.0,0.0,13.0,0.0,3.0,0.0,8.0,0.0,0.0,0.0,10.0,8.0,1.0,0.0,1.0,3.0,6.0,8.0,5.0,0.0,2.0,0.0,1.0,1.0,0.0,0.0,1.0,0.0,0.0,0.0,0.0,0.0,1.0,3.0,0.0,0.0,0.0,0.0,0.0,0.0,1.0,2.0,1.0,1.0,0.0,0.0,0.0,4.0,3.0,0.0,5.0,0.0,0.0,0.0,2.0,0.0,0.0,4.0,0.0,0.0,0.0,6.0,0.0,0.0,0.0,1.0,0.0,0.0,7.0,9.0,1.0,0.0,1.0,0.0,6.0,5.0,5.0,1.0,0.0,20.0,7.0,4.0,195.0
Oswego,1.0,1.0,1.0,1.0,0.0,7.0,0.0,4.0,0.0,0.0,3.0,0.0,0.0,1.0,1.0,4.0,2.0,1.0,1.0,0.0,2.0,12.0,0.0,6.0,0.0,10.0,6.0,2.0,1.0,2.0,10.0,1.0,1.0,1.0,4.0,11.0,12.0,5.0,0.0,2.0,0.0,1.0,2.0,0.0,1.0,1.0,0.0,1.0,0.0,0.0,0.0,3.0,3.0,0.0,3.0,0.0,0.0,2.0,0.0,2.0,2.0,1.0,3.0,4.0,5.0,2.0,10.0,14.0,0.0,5.0,0.0,0.0,0.0,2.0,0.0,0.0,4.0,0.0,0.0,0.0,12.0,0.0,0.0,7.0,1.0,0.0,1.0,8.0,11.0,1.0,0.0,1.0,0.0,6.0,6.0,5.0,1.0,0.0,26.0,7.0,5.0,285.0
Otsego,0.0,0.0,0.0,0.0,0.0,6.0,0.0,4.0,0.0,0.0,2.0,0.0,0.0,0.0,1.0,3.0,2.0,1.0,0.0,0.0,2.0,10.0,0.0,6.0,0.0,8.0,0.0,2.0,0.0,3.0,8.0,1.0,0.0,1.0,4.0,5.0,11.0,5.0,0.0,2.0,0.0,1.0,2.0,0.0,0.0,1.0,0.0,1.0,0.0,0.0,0.0,1.0,3.0,0.0,0.0,0.0,1.0,0.0,0.0,2.0,2.0,1.0,0.0,3.0,0.0,4.0,4.0,10.0,0.0,6.0,0.0,0.0,0.0,2.0,0.0,0.0,4.0,0.0,0.0,0.0,12.0,0.0,0.0,2.0,0.0,0.0,0.0,7.0,11.0,1.0,0.0,0.0,0.0,5.0,5.0,4.0,1.0,0.0,25.0,6.0,4.0,218.0
Putnam,1.0,3.0,3.0,4.0,0.0,7.0,3.0,4.0,0.0,0.0,2.0,0.0,1.0,1.0,1.0,4.0,2.0,1.0,0.0,0.0,8.0,7.0,0.0,3.0,0.0,8.0,2.0,1.0,4.0,0.0,10.0,1.0,2.0,0.0,2.0,3.0,12.0,3.0,1.0,2.0,2.0,1.0,0.0,0.0,0.0,0.0,2.0,0.0,0.0,0.0,0.0,0.0,3.0,0.0,0.0,0.0,0.0,0.0,1.0,1.0,1.0,1.0,0.0,4.0,2.0,0.0,9.0,20.0,0.0,4.0,0.0,0.0,0.0,2.0,0.0,1.0,1.0,0.0,0.0,1.0,11.0,0.0,0.0,11.0,0.0,2.0,0.0,11.0,7.0,1.0,0.0,2.0,1.0,6.0,6.0,5.0,1.0,0.0,22.0,7.0,4.0,259.0
Queens,0.0,4.0,0.0,0.0,1.0,7.0,4.0,3.0,0.0,0.0,2.0,0.0,0.0,0.0,0.0,3.0,2.0,3.0,0.0,0.0,2.0,10.0,1.0,2.0,0.0,5.0,0.0,0.0,0.0,0.0,7.0,1.0,6.0,1.0,2.0,16.0,5.0,9.0,0.0,1.0,1.0,0.0,0.0,0.0,0.0,0.0,1.0,0.0,1.0,1.0,0.0,0.0,3.0,0.0,0.0,0.0,0.0,0.0,0.0,1.0,1.0,1.0,0.0,0.0,2.0,0.0,8.0,18.0,0.0,4.0,0.0,0.0,0.0,2.0,0.0,0.0,3.0,0.0,0.0,2.0,4.0,0.0,0.0,9.0,0.0,0.0,0.0,5.0,7.0,1.0,0.0,0.0,0.0,3.0,2.0,3.0,1.0,0.0,5.0,4.0,3.0,193.0
Rensselaer,0.0,4.0,1.0,1.0,0.0,7.0,1.0,4.0,0.0,0.0,2.0,0.0,0.0,1.0,1.0,4.0,2.0,1.0,0.0,0.0,9.0,9.0,1.0,6.0,1.0,8.0,2.0,1.0,6.0,0.0,9.0,1.0,2.0,1.0,4.0,4.0,13.0,5.0,0.0,2.0,1.0,1.0,2.0,0.0,0.0,0.0,0.0,0.0,0.0,0.0,0.0,0.0,3.0,0.0,1.0,1.0,1.0,0.0,0.0,1.0,2.0,1.0,1.0,5.0,0.0,1.0,7.0,22.0,1.0,6.0,1.0,1.0,0.0,2.0,0.0,0.0,3.0,0.0,0.0,0.0,11.0,0.0,0.0,7.0,0.0,0.0,0.0,9.0,10.0,1.0,0.0,2.0,1.0,6.0,6.0,4.0,1.0,0.0,21.0,6.0,4.0,266.0
Richmond,3.0,7.0,2.0,0.0,1.0,8.0,2.0,4.0,0.0,0.0,2.0,0.0,2.0,1.0,0.0,3.0,2.0,2.0,0.0,0.0,7.0,8.0,5.0,2.0,0.0,6.0,1.0,0.0,3.0,0.0,6.0,1.0,5.0,1.0,2.0,9.0,9.0,10.0,0.0,2.0,0.0,1.0,0.0,0.0,0.0,0.0,1.0,0.0,0.0,0.0,0.0,0.0,3.0,0.0,0.0,0.0,0.0,0.0,0.0,3.0,1.0,1.0,0.0,0.0,0.0,0.0,8.0,43.0,0.0,4.0,1.0,0.0,0.0,2.0,0.0,0.0,3.0,0.0,0.0,3.0,5.0,0.0,0.0,9.0,0.0,0.0,0.0,6.0,8.0,1.0,0.0,0.0,0.0,5.0,4.0,3.0,1.0,0.0,7.0,4.0,3.0,246.0
Rockland,0.0,3.0,1.0,0.0,0.0,5.0,3.0,5.0,0.0,0.0,2.0,0.0,1.0,1.0,1.0,4.0,2.0,4.0,0.0,0.0,11.0,8.0,2.0,4.0,0.0,8.0,2.0,0.0,2.0,2.0,9.0,1.0,2.0,1.0,2.0,4.0,12.0,6.0,0.0,2.0,3.0,1.0,1.0,0.0,0.0,0.0,1.0,0.0,0.0,0.0,0.0,0.0,3.0,0.0,0.0,0.0,0.0,0.0,0.0,2.0,2.0,1.0,0.0,1.0,2.0,0.0,8.0,30.0,0.0,3.0,0.0,0.0,0.0,2.0,1.0,0.0,2.0,1.0,0.0,0.0,11.0,0.0,0.0,16.0,0.0,0.0,0.0,13.0,8.0,1.0,0.0,2.0,2.0,4.0,5.0,5.0,1.0,0.0,22.0,5.0,4.0,273.0
Saratoga,0.0,2.0,1.0,1.0,2.0,7.0,5.0,4.0,0.0,0.0,2.0,0.0,0.0,1.0,1.0,4.0,2.0,1.0,0.0,0.0,11.0,9.0,1.0,7.0,0.0,9.0,7.0,1.0,2.0,1.0,10.0,1.0,0.0,1.0,2.0,5.0,12.0,4.0,0.0,2.0,0.0,1.0,2.0,0.0,0.0,1.0,0.0,1.0,0.0,0.0,0.0,1.0,3.0,0.0,0.0,0.0,0.0,0.0,0.0,2.0,2.0,1.0,2.0,4.0,4.0,2.0,9.0,13.0,3.0,5.0,0.0,0.0,0.0,2.0,0.0,0.0,4.0,0.0,0.0,0.0,11.0,0.0,0.0,6.0,0.0,0.0,0.0,11.0,11.0,1.0,0.0,0.0,0.0,6.0,6.0,4.0,1.0,0.0,22.0,6.0,4.0,269.0
Schenectady,0.0,0.0,0.0,0.0,0.0,6.0,1.0,4.0,0.0,0.0,2.0,0.0,0.0,0.0,1.0,4.0,2.0,0.0,0.0,0.0,1.0,6.0,0.0,3.0,0.0,7.0,0.0,0.0,1.0,1.0,8.0,1.0,2.0,1.0,3.0,4.0,9.0,3.0,0.0,2.0,0.0,1.0,0.0,0.0,0.0,1.0,0.0,0.0,0.0,0.0,0.0,0.0,3.0,0.0,0.0,0.0,0.0,0.0,0.0,0.0,2.0,1.0,0.0,0.0,0.0,1.0,5.0,6.0,2.0,3.0,0.0,0.0,0.0,2.0,0.0,0.0,2.0,0.0,0.0,0.0,11.0,0.0,0.0,5.0,0.0,0.0,0.0,8.0,10.0,1.0,0.0,0.0,0.0,5.0,5.0,4.0,1.0,0.0,18.0,6.0,2.0,177.0
Schoharie,1.0,0.0,0.0,3.0,0.0,7.0,0.0,5.0,0.0,0.0,2.0,0.0,0.0,1.0,1.0,3.0,2.0,1.0,0.0,0.0,1.0,10.0,0.0,4.0,0.0,8.0,0.0,0.0,0.0,1.0,8.0,1.0,0.0,1.0,4.0,4.0,12.0,3.0,0.0,2.0,0.0,1.0,2.0,0.0,0.0,1.0,0.0,0.0,0.0,0.0,0.0,0.0,3.0,0.0,0.0,0.0,0.0,0.0,0.0,1.0,2.0,1.0,0.0,0.0,0.0,0.0,6.0,4.0,0.0,7.0,0.0,0.0,0.0,2.0,0.0,0.0,3.0,0.0,0.0,0.0,12.0,0.0,0.0,0.0,0.0,0.0,0.0,10.0,11.0,1.0,0.0,0.0,0.0,6.0,6.0,4.0,1.0,0.0,24.0,6.0,5.0,204.0
Schuyler,1.0,0.0,0.0,1.0,0.0,7.0,0.0,4.0,0.0,0.0,2.0,0.0,0.0,1.0,1.0,3.0,2.0,3.0,0.0,0.0,5.0,10.0,1.0,5.0,0.0,8.0,2.0,0.0,1.0,0.0,8.0,1.0,0.0,1.0,4.0,6.0,11.0,5.0,1.0,2.0,0.0,1.0,1.0,0.0,0.0,1.0,1.0,1.0,0.0,0.0,0.0,3.0,3.0,0.0,0.0,0.0,0.0,0.0,0.0,0.0,2.0,1.0,0.0,0.0,2.0,0.0,4.0,9.0,0.0,4.0,0.0,0.0,0.0,2.0,0.0,0.0,4.0,0.0,0.0,0.0,12.0,0.0,0.0,2.0,0.0,0.0,0.0,7.0,11.0,1.0,0.0,0.0,0.0,6.0,5.0,4.0,1.0,0.0,26.0,7.0,4.0,221.0
Seneca,1.0,2.0,0.0,1.0,0.0,7.0,0.0,4.0,0.0,0.0,2.0,0.0,0.0,1.0,1.0,3.0,2.0,0.0,1.0,0.0,0.0,17.0,0.0,3.0,0.0,7.0,2.0,0.0,1.0,0.0,9.0,1.0,2.0,1.0,3.0,9.0,8.0,6.0,0.0,2.0,0.0,1.0,0.0,0.0,0.0,1.0,1.0,1.0,0.0,0.0,0.0,1.0,3.0,0.0,1.0,0.0,2.0,0.0,0.0,0.0,2.0,1.0,2.0,4.0,0.0,0.0,5.0,9.0,0.0,5.0,0.0,0.0,0.0,2.0,0.0,0.0,5.0,0.0,0.0,0.0,10.0,0.0,0.0,5.0,1.0,0.0,0.0,8.0,11.0,1.0,0.0,1.0,0.0,5.0,5.0,4.0,1.0,0.0,18.0,7.0,5.0,224.0
St. Lawrence,2.0,6.0,4.0,1.0,0.0,7.0,2.0,4.0,0.0,1.0,3.0,2.0,0.0,1.0,1.0,4.0,2.0,1.0,3.0,0.0,13.0,18.0,7.0,7.0,0.0,9.0,3.0,3.0,5.0,6.0,10.0,1.0,7.0,1.0,4.0,10.0,13.0,5.0,2.0,2.0,0.0,1.0,2.0,0.0,1.0,1.0,0.0,1.0,0.0,0.0,0.0,6.0,3.0,1.0,0.0,0.0,6.0,3.0,0.0,2.0,2.0,1.0,5.0,6.0,3.0,9.0,7.0,42.0,1.0,7.0,0.0,0.0,0.0,2.0,2.0,0.0,4.0,0.0,0.0,0.0,11.0,1.0,0.0,28.0,1.0,0.0,0.0,9.0,12.0,1.0,0.0,1.0,0.0,6.0,6.0,5.0,1.0,0.0,26.0,8.0,5.0,409.0
Steuben,1.0,1.0,0.0,2.0,0.0,7.0,0.0,4.0,0.0,0.0,2.0,0.0,0.0,0.0,1.0,4.0,2.0,2.0,0.0,0.0,4.0,7.0,0.0,4.0,0.0,8.0,1.0,1.0,1.0,4.0,9.0,1.0,1.0,1.0,4.0,5.0,11.0,2.0,0.0,2.0,0.0,1.0,1.0,0.0,0.0,1.0,1.0,1.0,0.0,0.0,0.0,4.0,3.0,0.0,0.0,0.0,0.0,0.0,0.0,2.0,2.0,1.0,0.0,1.0,1.0,1.0,4.0,6.0,1.0,6.0,0.0,0.0,0.0,2.0,0.0,0.0,3.0,0.0,0.0,0.0,12.0,0.0,0.0,4.0,0.0,0.0,0.0,9.0,11.0,1.0,0.0,0.0,0.0,6.0,6.0,4.0,1.0,0.0,25.0,7.0,4.0,224.0
Suffolk,3.0,20.0,4.0,1.0,1.0,8.0,7.0,6.0,0.0,0.0,2.0,3.0,1.0,1.0,1.0,3.0,2.0,11.0,2.0,0.0,12.0,12.0,3.0,3.0,0.0,7.0,3.0,1.0,12.0,0.0,9.0,1.0,25.0,1.0,4.0,15.0,9.0,10.0,0.0,2.0,10.0,1.0,0.0,1.0,0.0,1.0,1.0,1.0,3.0,2.0,0.0,1.0,3.0,0.0,59.0,0.0,1.0,0.0,0.0,3.0,2.0,1.0,3.0,3.0,6.0,7.0,9.0,126.0,0.0,6.0,1.0,0.0,1.0,2.0,0.0,0.0,6.0,0.0,1.0,8.0,8.0,0.0,0.0,53.0,0.0,2.0,0.0,11.0,11.0,1.0,0.0,0.0,1.0,6.0,5.0,4.0,1.0,0.0,20.0,5.0,3.0,605.0
Sullivan,1.0,0.0,1.0,1.0,0.0,7.0,0.0,4.0,0.0,0.0,2.0,0.0,0.0,0.0,1.0,4.0,2.0,1.0,0.0,0.0,12.0,8.0,1.0,5.0,0.0,8.0,3.0,1.0,4.0,4.0,8.0,1.0,0.0,1.0,4.0,4.0,11.0,4.0,0.0,2.0,0.0,1.0,1.0,0.0,0.0,0.0,0.0,0.0,0.0,0.0,0.0,3.0,3.0,0.0,1.0,0.0,0.0,1.0,0.0,1.0,2.0,1.0,1.0,3.0,2.0,2.0,9.0,10.0,0.0,5.0,1.0,0.0,0.0,2.0,1.0,0.0,3.0,0.0,0.0,1.0,16.0,0.0,0.0,0.0,0.0,0.0,0.0,13.0,10.0,1.0,0.0,0.0,0.0,5.0,6.0,4.0,1.0,0.0,25.0,7.0,5.0,252.0
Tioga,0.0,1.0,0.0,0.0,1.0,7.0,0.0,4.0,0.0,0.0,2.0,0.0,0.0,0.0,1.0,4.0,2.0,0.0,0.0,0.0,4.0,6.0,0.0,4.0,0.0,8.0,0.0,0.0,0.0,3.0,8.0,1.0,0.0,1.0,4.0,4.0,11.0,2.0,0.0,2.0,0.0,1.0,2.0,0.0,0.0,1.0,1.0,0.0,0.0,0.0,0.0,3.0,3.0,0.0,0.0,0.0,0.0,0.0,0.0,0.0,2.0,1.0,0.0,0.0,0.0,0.0,3.0,4.0,0.0,5.0,0.0,0.0,0.0,2.0,0.0,0.0,1.0,0.0,0.0,0.0,10.0,0.0,0.0,2.0,0.0,0.0,0.0,9.0,11.0,1.0,0.0,0.0,0.0,6.0,5.0,4.0,1.0,0.0,24.0,6.0,3.0,191.0
Tompkins,1.0,0.0,1.0,0.0,3.0,8.0,1.0,5.0,0.0,0.0,2.0,0.0,0.0,1.0,1.0,4.0,2.0,3.0,0.0,1.0,4.0,10.0,0.0,4.0,0.0,8.0,1.0,1.0,1.0,0.0,8.0,1.0,4.0,1.0,4.0,5.0,13.0,4.0,1.0,2.0,0.0,1.0,1.0,1.0,0.0,1.0,1.0,0.0,0.0,0.0,0.0,1.0,3.0,0.0,0.0,0.0,0.0,0.0,0.0,0.0,2.0,1.0,0.0,4.0,2.0,5.0,3.0,14.0,12.0,7.0,0.0,0.0,0.0,2.0,0.0,0.0,4.0,0.0,0.0,0.0,12.0,0.0,0.0,6.0,0.0,0.0,1.0,10.0,11.0,1.0,0.0,1.0,0.0,6.0,5.0,4.0,1.0,0.0,27.0,7.0,5.0,267.0
Ulster,3.0,3.0,7.0,4.0,0.0,7.0,3.0,4.0,0.0,0.0,2.0,0.0,1.0,1.0,1.0,4.0,2.0,2.0,0.0,0.0,9.0,8.0,3.0,5.0,0.0,10.0,6.0,2.0,7.0,3.0,10.0,1.0,5.0,1.0,3.0,5.0,13.0,4.0,1.0,2.0,1.0,1.0,1.0,0.0,0.0,0.0,1.0,0.0,0.0,0.0,0.0,1.0,3.0,0.0,6.0,0.0,0.0,2.0,0.0,2.0,2.0,1.0,0.0,4.0,2.0,3.0,10.0,47.0,3.0,6.0,0.0,4.0,0.0,2.0,0.0,0.0,3.0,1.0,0.0,2.0,14.0,0.0,0.0,17.0,0.0,0.0,0.0,13.0,11.0,1.0,0.0,2.0,1.0,6.0,7.0,5.0,1.0,0.0,28.0,7.0,5.0,368.0
Warren,1.0,4.0,7.0,4.0,0.0,8.0,2.0,4.0,0.0,0.0,3.0,2.0,0.0,1.0,1.0,4.0,2.0,0.0,0.0,0.0,7.0,9.0,0.0,6.0,0.0,9.0,2.0,4.0,7.0,0.0,10.0,0.0,3.0,1.0,3.0,6.0,13.0,4.0,0.0,2.0,0.0,1.0,2.0,0.0,0.0,0.0,1.0,1.0,0.0,0.0,0.0,2.0,3.0,0.0,1.0,0.0,1.0,1.0,0.0,2.0,2.0,1.0,1.0,7.0,5.0,7.0,7.0,26.0,3.0,5.0,0.0,1.0,0.0,2.0,1.0,0.0,1.0,0.0,0.0,1.0,10.0,0.0,0.0,15.0,0.0,0.0,0.0,9.0,9.0,1.0,0.0,0.0,0.0,5.0,7.0,4.0,1.0,0.0,21.0,6.0,4.0,306.0
Washington,1.0,2.0,6.0,1.0,0.0,7.0,0.0,4.0,0.0,0.0,2.0,1.0,0.0,1.0,1.0,4.0,2.0,0.0,2.0,0.0,5.0,8.0,1.0,5.0,0.0,8.0,4.0,1.0,4.0,3.0,9.0,1.0,1.0,1.0,3.0,8.0,12.0,5.0,2.0,2.0,0.0,1.0,1.0,0.0,0.0,1.0,1.0,1.0,0.0,0.0,0.0,3.0,3.0,0.0,0.0,1.0,1.0,2.0,0.0,2.0,2.0,1.0,3.0,0.0,3.0,2.0,7.0,14.0,9.0,5.0,0.0,0.0,0.0,2.0,0.0,0.0,4.0,0.0,0.0,0.0,10.0,0.0,0.0,10.0,0.0,0.0,0.0,10.0,10.0,1.0,0.0,0.0,0.0,6.0,6.0,4.0,1.0,0.0,23.0,6.0,5.0,278.0
Wayne,0.0,1.0,0.0,0.0,0.0,7.0,0.0,4.0,0.0,0.0,2.0,0.0,0.0,0.0,1.0,2.0,2.0,0.0,0.0,0.0,0.0,11.0,0.0,4.0,0.0,8.0,2.0,0.0,1.0,9.0,10.0,1.0,0.0,1.0,4.0,5.0,9.0,5.0,0.0,2.0,0.0,1.0,1.0,0.0,0.0,1.0,0.0,0.0,0.0,0.0,0.0,4.0,3.0,0.0,0.0,0.0,2.0,0.0,0.0,0.0,2.0,1.0,2.0,4.0,1.0,1.0,8.0,8.0,0.0,6.0,0.0,0.0,1.0,2.0,0.0,0.0,5.0,0.0,0.0,0.0,10.0,0.0,0.0,3.0,0.0,0.0,0.0,6.0,11.0,1.0,0.0,0.0,0.0,6.0,5.0,4.0,1.0,0.0,20.0,7.0,5.0,223.0
Westchester,1.0,3.0,1.0,0.0,0.0,7.0,4.0,4.0,0.0,0.0,2.0,0.0,1.0,1.0,1.0,4.0,2.0,5.0,0.0,0.0,12.0,7.0,0.0,3.0,0.0,8.0,2.0,0.0,3.0,0.0,8.0,1.0,2.0,1.0,3.0,8.0,13.0,8.0,0.0,2.0,0.0,1.0,1.0,0.0,0.0,0.0,2.0,1.0,0.0,0.0,0.0,0.0,3.0,0.0,1.0,0.0,0.0,0.0,0.0,1.0,2.0,1.0,0.0,1.0,1.0,0.0,9.0,28.0,0.0,4.0,1.0,0.0,0.0,2.0,1.0,1.0,4.0,0.0,0.0,0.0,9.0,0.0,0.0,11.0,0.0,0.0,0.0,12.0,9.0,1.0,0.0,2.0,1.0,6.0,5.0,5.0,1.0,0.0,20.0,6.0,4.0,274.0
Wyoming,0.0,2.0,0.0,1.0,0.0,7.0,0.0,4.0,1.0,0.0,2.0,0.0,0.0,0.0,1.0,3.0,2.0,1.0,0.0,0.0,1.0,9.0,0.0,5.0,0.0,8.0,1.0,0.0,3.0,0.0,9.0,1.0,0.0,1.0,4.0,5.0,11.0,4.0,0.0,2.0,0.0,1.0,1.0,0.0,0.0,1.0,0.0,0.0,0.0,0.0,0.0,3.0,3.0,0.0,0.0,0.0,0.0,0.0,0.0,0.0,2.0,1.0,0.0,3.0,2.0,1.0,5.0,16.0,1.0,7.0,0.0,0.0,0.0,2.0,0.0,0.0,3.0,0.0,0.0,0.0,12.0,0.0,0.0,3.0,0.0,0.0,0.0,8.0,11.0,1.0,0.0,0.0,0.0,6.0,6.0,4.0,1.0,0.0,25.0,7.0,4.0,228.0
Yates,1.0,0.0,0.0,0.0,0.0,7.0,0.0,4.0,0.0,0.0,2.0,0.0,0.0,0.0,1.0,3.0,2.0,0.0,0.0,0.0,0.0,9.0,0.0,3.0,0.0,8.0,1.0,0.0,0.0,0.0,9.0,1.0,0.0,1.0,4.0,4.0,10.0,2.0,0.0,2.0,0.0,1.0,1.0,1.0,0.0,1.0,0.0,0.0,0.0,0.0,0.0,0.0,3.0,0.0,0.0,0.0,0.0,0.0,0.0,0.0,2.0,1.0,0.0,0.0,0.0,0.0,3.0,6.0,1.0,5.0,0.0,0.0,0.0,2.0,0.0,0.0,3.0,0.0,0.0,0.0,10.0,0.0,0.0,0.0,0.0,0.0,0.0,8.0,10.0,1.0,0.0,0.0,0.0,6.0,5.0,4.0,1.0,0.0,19.0,6.0,4.0,178.0
